{
 "name"         : "Direct [COLOR FF0084FF]-[/COLOR] Salts RD Lite ([COLOR FF0084FF]Q[/COLOR])",
 "repository"   : "repository.xvbmc",
 "plugin"       : "plugin.video.saltsrd.lite",
 "priority"     : 200,
 "id"           : "direct.saltsrdlite.q",
 "filters"      : {},
 "postprocess"  : "",
 "movies"       : [
  [
   {
    "link"      : "plugin://plugin.video.saltsrd.lite/?title={title_+}&video_type=Movie&trakt_id={trakt}&mode=get_sources&dialog=True&year={year}",
    "steps"     : [],
    "action"    : "PLAY"
   }
  ]
 ],
 "tvshows"      : [
  [
   {
    "link"      : "plugin://plugin.video.saltsrd.lite/?ep_airdate={firstaired}&trakt_id={trakt}&episode={episode}&mode=get_sources&dialog=True&title={clearname_+}&ep_title={title_+}&season={season}&year={year}&video_type=Episode",
    "steps"     : [],
    "action"    : "PLAY"
   }
  ]
 ],
 "musicvideos"  : [],
 "music"        : [],
 "live"         : []
}
